Thu Nov 27 03:56:53 UTC 2025
Fri Nov 28 02:03:21 UTC 2025
Sat Nov 29 02:03:07 UTC 2025
Sun Nov 30 02:23:43 UTC 2025
Mon Dec  1 02:32:35 UTC 2025
Tue Dec  2 02:08:11 UTC 2025
Wed Dec  3 02:08:04 UTC 2025
Thu Dec  4 02:08:50 UTC 2025
Thu Dec  4 09:05:22 UTC 2025
Fri Dec  5 01:19:18 UTC 2025
Sat Dec  6 01:15:17 UTC 2025
Sun Dec  7 01:26:14 UTC 2025
Mon Dec  8 01:19:29 UTC 2025
Tue Dec  9 01:19:04 UTC 2025
Wed Dec 10 01:20:47 UTC 2025
Thu Dec 11 01:21:23 UTC 2025
Fri Dec 12 01:21:12 UTC 2025
Sat Dec 13 01:16:44 UTC 2025
